rawContent,status,label,caseFolding,cleaning,tokenizing,stopword,normalized,stemmed
Masa masih legend udh di lock,1,Negatif,masa masih legend udh di lock,masa masih legend udh di lock,"['masa', 'masih', 'legend', 'udh', 'di', 'lock']","['legend', 'udh', 'lock']","['legend', 'udh', 'lock']","['legend', 'udh', 'lock']"
GAME SAMPAH GAME PENUH KECURANGAN DARI MOONTON.,1,Negatif,game sampah game penuh kecurangan dari moonton.,game sampah game penuh kecurangan dari moonton,"['game', 'sampah', 'game', 'penuh', 'kecurangan', 'dari', 'moonton']","['game', 'sampah', 'game', 'penuh', 'kecurangan', 'moonton']","['game', 'sampah', 'game', 'penuh', 'kecurangan', 'moonton']","['game', 'sampah', 'game', 'penuh', 'curang', 'moonton']"
Makin parah sekarang banyak dark sistemm bagus main di game sebelah,1,Negatif,makin parah sekarang banyak dark sistemm bagus main di game sebelah,makin parah sekarang banyak dark sistemm bagus main di game sebelah,"['makin', 'parah', 'sekarang', 'banyak', 'dark', 'sistemm', 'bagus', 'main', 'di', 'game', 'sebelah']","['parah', 'dark', 'sistemm', 'bagus', 'main', 'game', 'sebelah']","['parah', 'dark', 'sistemm', 'bagus', 'main', 'game', 'sebelah']","['parah', 'dark', 'sistemm', 'bagus', 'main', 'game', 'belah']"
dark sytem,1,Negatif,dark sytem,dark sytem,"['dark', 'sytem']","['dark', 'sytem']","['dark', 'sytem']","['dark', 'sytem']"
game nya ga seru tidak bisa menyeimbangkan pemain sampai lose streak beberapa kali,1,Negatif,game nya ga seru tidak bisa menyeimbangkan pemain sampai lose streak beberapa kali,game nya ga seru tidak bisa menyeimbangkan pemain sampai lose streak beberapa kali,"['game', 'nya', 'ga', 'seru', 'tidak', 'bisa', 'menyeimbangkan', 'pemain', 'sampai', 'lose', 'streak', 'beberapa', 'kali']","['game', 'nya', 'ga', 'seru', 'menyeimbangkan', 'pemain', 'lose', 'streak', 'kali']","['game', 'nya', 'ga', 'seru', 'menyeimbangkan', 'pemain', 'lose', 'streak', 'kali']","['game', 'nya', 'ga', 'seru', 'imbang', 'main', 'lose', 'streak', 'kali']"
anjing lah monton kasih tim ga imbang bngst di glori masih ada aja payer yang tolol ya minta amupun. Minta tolong untuk bisa membuat game yang draf pick yang imbang,1,Negatif,anjing lah monton kasih tim ga imbang bngst di glori masih ada aja payer yang tolol ya minta amupun. minta tolong untuk bisa membuat game yang draf pick yang imbang,anjing lah monton kasih tim ga imbang bngst di glori masih ada aja payer yang tolol ya minta amupun minta tolong untuk bisa membuat game yang draf pick yang imbang,"['anjing', 'lah', 'monton', 'kasih', 'tim', 'ga', 'imbang', 'bngst', 'di', 'glori', 'masih', 'ada', 'aja', 'payer', 'yang', 'tolol', 'ya', 'minta', 'amupun', 'minta', 'tolong', 'untuk', 'bisa', 'membuat', 'game', 'yang', 'draf', 'pick', 'yang', 'imbang']","['anjing', 'monton', 'kasih', 'tim', 'ga', 'imbang', 'bngst', 'glori', 'aja', 'payer', 'tolol', 'ya', 'amupun', 'tolong', 'game', 'draf', 'pick', 'imbang']","['anjing', 'monton', 'kasih', 'tim', 'ga', 'imbang', 'bngst', 'glori', 'aja', 'payer', 'tolol', 'ya', 'amupun', 'tolong', 'game', 'draf', 'pick', 'imbang']","['anjing', 'monton', 'kasih', 'tim', 'ga', 'imbang', 'bngst', 'glori', 'aja', 'payer', 'tolol', 'ya', 'amupun', 'tolong', 'game', 'draf', 'pick', 'imbang']"
Lebih mending main Honor of King ini mah banyak dark sistemnya,1,Negatif,lebih mending main honor of king ini mah banyak dark sistemnya,lebih mending main honor of king ini mah banyak dark sistemnya,"['lebih', 'mending', 'main', 'honor', 'of', 'king', 'ini', 'mah', 'banyak', 'dark', 'sistemnya']","['mending', 'main', 'honor', 'of', 'king', 'mah', 'dark', 'sistemnya']","['mending', 'main', 'honor', 'of', 'king', 'mah', 'dark', 'sistemnya']","['mending', 'main', 'honor', 'of', 'king', 'mah', 'dark', 'sistem']"
Hari game BB tidak ada event Langsung Hapus gamenya. Terimakasih.,1,Negatif,hari game bb tidak ada event langsung hapus gamenya. terimakasih.,hari game bb tidak ada event langsung hapus gamenya terimakasih,"['hari', 'game', 'bb', 'tidak', 'ada', 'event', 'langsung', 'hapus', 'gamenya', 'terimakasih']","['game', 'bb', 'event', 'langsung', 'hapus', 'gamenya', 'terimakasih']","['game', 'bb', 'event', 'langsung', 'hapus', 'gamenya', 'terimakasih']","['game', 'bb', 'event', 'langsung', 'hapus', 'gamenya', 'terimakasih']"
tolong perpindahan akun fb benerin lagi saya mau masuk pake akun fb gak bisa malah bulak balik lagi tolong kerjasamanya,1,Negatif,tolong perpindahan akun fb benerin lagi saya mau masuk pake akun fb gak bisa malah bulak balik lagi tolong kerjasamanya,tolong perpindahan akun fb benerin lagi saya mau masuk pake akun fb gak bisa malah bulak balik lagi tolong kerjasamanya,"['tolong', 'perpindahan', 'akun', 'fb', 'benerin', 'lagi', 'saya', 'mau', 'masuk', 'pake', 'akun', 'fb', 'gak', 'bisa', 'malah', 'bulak', 'balik', 'lagi', 'tolong', 'kerjasamanya']","['tolong', 'perpindahan', 'akun', 'fb', 'benerin', 'masuk', 'pake', 'akun', 'fb', 'gak', 'bulak', 'tolong', 'kerjasamanya']","['tolong', 'perpindahan', 'akun', 'fb', 'benerin', 'masuk', 'pake', 'akun', 'fb', 'gak', 'bulak', 'tolong', 'kerjasamanya']","['tolong', 'pindah', 'akun', 'fb', 'benerin', 'masuk', 'pake', 'akun', 'fb', 'gak', 'bulak', 'tolong', 'kerjasamanya']"
Game Dajjal udh pke wifi Masi ngeleg bikin stres semoga perusahaan montooon bangkrut/tidak ada yg mau main montoon nak Dajjal bekas kaos kaki Dajjal udh perusahaan haram mending hapus ae game haram menjijikan + anak Dajjal babi bangsat Mampus,1,Negatif,game dajjal udh pke wifi masi ngeleg bikin stres semoga perusahaan montooon bangkrut/tidak ada yg mau main montoon nak dajjal bekas kaos kaki dajjal udh perusahaan haram mending hapus ae game haram menjijikan + anak dajjal babi bangsat mampus,game dajjal udh pke wifi masi ngeleg bikin stres semoga perusahaan montooon bangkrut tidak ada yg mau main montoon nak dajjal bekas kaos kaki dajjal udh perusahaan haram mending hapus ae game haram menjijikan anak dajjal babi bangsat mampus,"['game', 'dajjal', 'udh', 'pke', 'wifi', 'masi', 'ngeleg', 'bikin', 'stres', 'semoga', 'perusahaan', 'montooon', 'bangkrut', 'tidak', 'ada', 'yg', 'mau', 'main', 'montoon', 'nak', 'dajjal', 'bekas', 'kaos', 'kaki', 'dajjal', 'udh', 'perusahaan', 'haram', 'mending', 'hapus', 'ae', 'game', 'haram', 'menjijikan', 'anak', 'dajjal', 'babi', 'bangsat', 'mampus']","['game', 'dajjal', 'udh', 'pke', 'wifi', 'masi', 'ngeleg', 'bikin', 'stres', 'semoga', 'perusahaan', 'montooon', 'bangkrut', 'yg', 'main', 'montoon', 'nak', 'dajjal', 'bekas', 'kaos', 'kaki', 'dajjal', 'udh', 'perusahaan', 'haram', 'mending', 'hapus', 'ae', 'game', 'haram', 'menjijikan', 'anak', 'dajjal', 'babi', 'bangsat', 'mampus']","['game', 'dajjal', 'udh', 'pke', 'wifi', 'masi', 'ngeleg', 'bikin', 'stres', 'semoga', 'perusahaan', 'montooon', 'bangkrut', 'yg', 'main', 'montoon', 'nak', 'dajjal', 'bekas', 'kaos', 'kaki', 'dajjal', 'udh', 'perusahaan', 'haram', 'mending', 'hapus', 'ae', 'game', 'haram', 'menjijikan', 'anak', 'dajjal', 'babi', 'bangsat', 'mampus']","['game', 'dajjal', 'udh', 'pke', 'wifi', 'mas', 'ngeleg', 'bikin', 'stres', 'moga', 'usaha', 'montooon', 'bangkrut', 'yg', 'main', 'montoon', 'nak', 'dajjal', 'bekas', 'kaos', 'kaki', 'dajjal', 'udh', 'usaha', 'haram', 'mending', 'hapus', 'ae', 'game', 'haram', 'jijik', 'anak', 'dajjal', 'babi', 'bangsat', 'mampus']"
Bodoh moonton tolol ngasih team kek babi,1,Negatif,bodoh moonton tolol ngasih team kek babi,bodoh moonton tolol ngasih team kek babi,"['bodoh', 'moonton', 'tolol', 'ngasih', 'team', 'kek', 'babi']","['bodoh', 'moonton', 'tolol', 'ngasih', 'team', 'kek', 'babi']","['bodoh', 'moonton', 'tolol', 'ngasih', 'team', 'kek', 'babi']","['bodoh', 'moonton', 'tolol', 'ngasih', 'team', 'kek', 'babi']"
pembagian tim gak seimbang sangat mengganggu dan membuat game ini menjadi kurang seru,1,Negatif,pembagian tim gak seimbang sangat mengganggu dan membuat game ini menjadi kurang seru,pembagian tim gak seimbang sangat mengganggu dan membuat game ini menjadi kurang seru,"['pembagian', 'tim', 'gak', 'seimbang', 'sangat', 'mengganggu', 'dan', 'membuat', 'game', 'ini', 'menjadi', 'kurang', 'seru']","['pembagian', 'tim', 'gak', 'seimbang', 'mengganggu', 'game', 'seru']","['pembagian', 'tim', 'gak', 'seimbang', 'mengganggu', 'game', 'seru']","['bagi', 'tim', 'gak', 'imbang', 'ganggu', 'game', 'seru']"
Banyak dark sistem males main BURIK,1,Negatif,banyak dark sistem males main burik,banyak dark sistem males main burik,"['banyak', 'dark', 'sistem', 'males', 'main', 'burik']","['dark', 'sistem', 'males', 'main', 'burik']","['dark', 'sistem', 'males', 'main', 'burik']","['dark', 'sistem', 'males', 'main', 'burik']"
Dark sistem anjing game setingan tolol,1,Negatif,dark sistem anjing game setingan tolol,dark sistem anjing game setingan tolol,"['dark', 'sistem', 'anjing', 'game', 'setingan', 'tolol']","['dark', 'sistem', 'anjing', 'game', 'setingan', 'tolol']","['dark', 'sistem', 'anjing', 'game', 'setingan', 'tolol']","['dark', 'sistem', 'anjing', 'game', 'ting', 'tolol']"
gabut aja,1,Negatif,gabut aja,gabut aja,"['gabut', 'aja']","['gabut', 'aja']","['gabut', 'aja']","['gabut', 'aja']"
Gambarnya tidak bagus..Game tai... Lelet padahal jaringan gua bagus... Sistem berlebihan.. jangan di download,1,Negatif,gambarnya tidak bagus..game tai... lelet padahal jaringan gua bagus... sistem berlebihan.. jangan di download,gambarnya tidak bagus game tai lelet padahal jaringan gua bagus sistem berlebihan jangan di download,"['gambarnya', 'tidak', 'bagus', 'game', 'tai', 'lelet', 'padahal', 'jaringan', 'gua', 'bagus', 'sistem', 'berlebihan', 'jangan', 'di', 'download']","['gambarnya', 'bagus', 'game', 'tai', 'lelet', 'jaringan', 'gua', 'bagus', 'sistem', 'download']","['gambarnya', 'bagus', 'game', 'tai', 'lelet', 'jaringan', 'gua', 'bagus', 'sistem', 'download']","['gambar', 'bagus', 'game', 'tai', 'lelet', 'jaring', 'gua', 'bagus', 'sistem', 'download']"
game ampas banyak dark sistem bug dan lain lain,1,Negatif,game ampas banyak dark sistem bug dan lain lain,game ampas banyak dark sistem bug dan lain lain,"['game', 'ampas', 'banyak', 'dark', 'sistem', 'bug', 'dan', 'lain', 'lain']","['game', 'ampas', 'dark', 'sistem', 'bug']","['game', 'ampas', 'dark', 'sistem', 'bug']","['game', 'ampas', 'dark', 'sistem', 'bug']"
P mabar yg lebih seru,1,Negatif,p mabar yg lebih seru,p mabar yg lebih seru,"['p', 'mabar', 'yg', 'lebih', 'seru']","['p', 'mabar', 'yg', 'seru']","['p', 'mabar', 'yg', 'seru']","['p', 'mabar', 'yg', 'seru']"
banyak bocah ingusan ni min mager gua ngerank,1,Negatif,banyak bocah ingusan ni min mager gua ngerank,banyak bocah ingusan ni min mager gua ngerank,"['banyak', 'bocah', 'ingusan', 'ni', 'min', 'mager', 'gua', 'ngerank']","['bocah', 'ingusan', 'ni', 'min', 'mager', 'gua', 'ngerank']","['bocah', 'ingusan', 'ni', 'min', 'mager', 'gua', 'ngerank']","['bocah', 'ingus', 'ni', 'min', 'mager', 'gua', 'ngerank']"
pliss lah masaalh lawan ssh kali lah dark system,2,Negatif,pliss lah masaalh lawan ssh kali lah dark system,pliss lah masaalh lawan ssh kali lah dark system,"['pliss', 'lah', 'masaalh', 'lawan', 'ssh', 'kali', 'lah', 'dark', 'system']","['pliss', 'masaalh', 'lawan', 'ssh', 'kali', 'dark', 'system']","['pliss', 'masaalh', 'lawan', 'ssh', 'kali', 'dark', 'system']","['pliss', 'masaalh', 'lawan', 'ssh', 'kali', 'dark', 'system']"
Aku sering main cuma ya di kasih kalah menang kalah kalah kalah kalah kalah menang kalah kalah terus muntun tolong lah kasih tim yang bener aku 2 tahun stack di epikðŸ—¿ pliss,2,Negatif,aku sering main cuma ya di kasih kalah menang kalah kalah kalah kalah kalah menang kalah kalah terus muntun tolong lah kasih tim yang bener aku 2 tahun stack di epikðÿ—¿ pliss,aku sering main cuma ya di kasih kalah menang kalah kalah kalah kalah kalah menang kalah kalah terus muntun tolong lah kasih tim yang bener aku tahun stack di epikðÿ—¿ pliss,"['aku', 'sering', 'main', 'cuma', 'ya', 'di', 'kasih', 'kalah', 'menang', 'kalah', 'kalah', 'kalah', 'kalah', 'kalah', 'menang', 'kalah', 'kalah', 'terus', 'muntun', 'tolong', 'lah', 'kasih', 'tim', 'yang', 'bener', 'aku', 'tahun', 'stack', 'di', 'epikðÿ—¿', 'pliss']","['main', 'ya', 'kasih', 'kalah', 'menang', 'kalah', 'kalah', 'kalah', 'kalah', 'kalah', 'menang', 'kalah', 'kalah', 'muntun', 'tolong', 'kasih', 'tim', 'bener', 'stack', 'epikðÿ—¿', 'pliss']","['main', 'ya', 'kasih', 'kalah', 'menang', 'kalah', 'kalah', 'kalah', 'kalah', 'kalah', 'menang', 'kalah', 'kalah', 'muntun', 'tolong', 'kasih', 'tim', 'bener', 'stack', 'epikðÿ—¿', 'pliss']","['main', 'ya', 'kasih', 'kalah', 'menang', 'kalah', 'kalah', 'kalah', 'kalah', 'kalah', 'menang', 'kalah', 'kalah', 'muntun', 'tolong', 'kasih', 'tim', 'bener', 'stack', 'epik', 'pliss']"
pindah aj lh bnyk tim ga seimbang msa gw glory b63 ktemu glory b50 ap cb udahlah banyak omong lagi dh s gw,2,Negatif,pindah aj lh bnyk tim ga seimbang msa gw glory b63 ktemu glory b50 ap cb udahlah banyak omong lagi dh s gw,pindah aj lh bnyk tim ga seimbang msa gw glory b ktemu glory b ap cb udahlah banyak omong lagi dh s gw,"['pindah', 'aj', 'lh', 'bnyk', 'tim', 'ga', 'seimbang', 'msa', 'gw', 'glory', 'b', 'ktemu', 'glory', 'b', 'ap', 'cb', 'udahlah', 'banyak', 'omong', 'lagi', 'dh', 's', 'gw']","['pindah', 'aj', 'lh', 'bnyk', 'tim', 'ga', 'seimbang', 'msa', 'gw', 'glory', 'b', 'ktemu', 'glory', 'b', 'ap', 'cb', 'udahlah', 'omong', 'dh', 's', 'gw']","['pindah', 'aj', 'lh', 'bnyk', 'tim', 'ga', 'seimbang', 'msa', 'gw', 'glory', 'b', 'ktemu', 'glory', 'b', 'ap', 'cb', 'udahlah', 'omong', 'dh', 's', 'gw']","['pindah', 'aj', 'lh', 'bnyk', 'tim', 'ga', 'imbang', 'msa', 'gw', 'glory', 'b', 'ktemu', 'glory', 'b', 'ap', 'cb', 'udahlah', 'omong', 'dh', 's', 'gw']"
Kalo ngasih tim yg bener lah,2,Negatif,kalo ngasih tim yg bener lah,kalo ngasih tim yg bener lah,"['kalo', 'ngasih', 'tim', 'yg', 'bener', 'lah']","['kalo', 'ngasih', 'tim', 'yg', 'bener']","['kalo', 'ngasih', 'tim', 'yg', 'bener']","['kalo', 'ngasih', 'tim', 'yg', 'bener']"
ini aneh bgt sih masa tiap abis login trus ada di lobi 2 menit langsung ulang login lagi sih,2,Negatif,ini aneh bgt sih masa tiap abis login trus ada di lobi 2 menit langsung ulang login lagi sih,ini aneh bgt sih masa tiap abis login trus ada di lobi menit langsung ulang login lagi sih,"['ini', 'aneh', 'bgt', 'sih', 'masa', 'tiap', 'abis', 'login', 'trus', 'ada', 'di', 'lobi', 'menit', 'langsung', 'ulang', 'login', 'lagi', 'sih']","['aneh', 'bgt', 'sih', 'abis', 'login', 'trus', 'lobi', 'menit', 'langsung', 'ulang', 'login', 'sih']","['aneh', 'bgt', 'sih', 'abis', 'login', 'trus', 'lobi', 'menit', 'langsung', 'ulang', 'login', 'sih']","['aneh', 'bgt', 'sih', 'abis', 'login', 'trus', 'lobi', 'menit', 'langsung', 'ulang', 'login', 'sih']"
monton pasti kalo mau naik dikasih musuh yang pro aku main sebulan ngestack di gm 1 pasti kalo mau naik epic susah,2,Negatif,monton pasti kalo mau naik dikasih musuh yang pro aku main sebulan ngestack di gm 1 pasti kalo mau naik epic susah,monton pasti kalo mau naik dikasih musuh yang pro aku main sebulan ngestack di gm pasti kalo mau naik epic susah,"['monton', 'pasti', 'kalo', 'mau', 'naik', 'dikasih', 'musuh', 'yang', 'pro', 'aku', 'main', 'sebulan', 'ngestack', 'di', 'gm', 'pasti', 'kalo', 'mau', 'naik', 'epic', 'susah']","['monton', 'kalo', 'dikasih', 'musuh', 'pro', 'main', 'sebulan', 'ngestack', 'gm', 'kalo', 'epic', 'susah']","['monton', 'kalo', 'dikasih', 'musuh', 'pro', 'main', 'sebulan', 'ngestack', 'gm', 'kalo', 'epic', 'susah']","['monton', 'kalo', 'kasih', 'musuh', 'pro', 'main', 'bulan', 'ngestack', 'gm', 'kalo', 'epic', 'susah']"
banyak makan penyimpanan,2,Negatif,banyak makan penyimpanan,banyak makan penyimpanan,"['banyak', 'makan', 'penyimpanan']","['makan', 'penyimpanan']","['makan', 'penyimpanan']","['makan', 'simpan']"
buat yang sinyalnya sering lag mndng pindah ke game sebelah dehh disana sinyalnya ijo truss jadi ga keganggu sinyal pas main,2,Negatif,buat yang sinyalnya sering lag mndng pindah ke game sebelah dehh disana sinyalnya ijo truss jadi ga keganggu sinyal pas main,buat yang sinyalnya sering lag mndng pindah ke game sebelah dehh disana sinyalnya ijo truss jadi ga keganggu sinyal pas main,"['buat', 'yang', 'sinyalnya', 'sering', 'lag', 'mndng', 'pindah', 'ke', 'game', 'sebelah', 'dehh', 'disana', 'sinyalnya', 'ijo', 'truss', 'jadi', 'ga', 'keganggu', 'sinyal', 'pas', 'main']","['sinyalnya', 'lag', 'mndng', 'pindah', 'game', 'sebelah', 'dehh', 'disana', 'sinyalnya', 'ijo', 'truss', 'ga', 'keganggu', 'sinyal', 'pas', 'main']","['sinyalnya', 'lag', 'mndng', 'pindah', 'game', 'sebelah', 'dehh', 'disana', 'sinyalnya', 'ijo', 'truss', 'ga', 'keganggu', 'sinyal', 'pas', 'main']","['sinyal', 'lag', 'mndng', 'pindah', 'game', 'belah', 'dehh', 'sana', 'sinyal', 'ijo', 'truss', 'ga', 'ganggu', 'sinyal', 'pas', 'main']"
game nya jahat suka bgt ngasi tim jelek AKU UDA JAGO MALAH DI COMEBACK???????? maafya tapi aku sedi bgt makanya aku kasi bintang 2 aja biar kaya rank aku epic 2 bintang 2!!!!!!!!,2,Negatif,game nya jahat suka bgt ngasi tim jelek aku uda jago malah di comeback???????? maafya tapi aku sedi bgt makanya aku kasi bintang 2 aja biar kaya rank aku epic 2 bintang 2!!!!!!!!,game nya jahat suka bgt ngasi tim jelek aku uda jago malah di comeback maafya tapi aku sedi bgt makanya aku kasi bintang aja biar kaya rank aku epic bintang,"['game', 'nya', 'jahat', 'suka', 'bgt', 'ngasi', 'tim', 'jelek', 'aku', 'uda', 'jago', 'malah', 'di', 'comeback', 'maafya', 'tapi', 'aku', 'sedi', 'bgt', 'makanya', 'aku', 'kasi', 'bintang', 'aja', 'biar', 'kaya', 'rank', 'aku', 'epic', 'bintang']","['game', 'nya', 'jahat', 'suka', 'bgt', 'ngasi', 'tim', 'jelek', 'uda', 'jago', 'comeback', 'maafya', 'sedi', 'bgt', 'kasi', 'bintang', 'aja', 'biar', 'kaya', 'rank', 'epic', 'bintang']","['game', 'nya', 'jahat', 'suka', 'bgt', 'ngasi', 'tim', 'jelek', 'uda', 'jago', 'comeback', 'maafya', 'sedi', 'bgt', 'kasi', 'bintang', 'aja', 'biar', 'kaya', 'rank', 'epic', 'bintang']","['game', 'nya', 'jahat', 'suka', 'bgt', 'ngasi', 'tim', 'jelek', 'uda', 'jago', 'comeback', 'maafya', 'sedi', 'bgt', 'kasi', 'bintang', 'aja', 'biar', 'kaya', 'rank', 'epic', 'bintang']"
lol dark sistem tim nya lol semua,2,Negatif,lol dark sistem tim nya lol semua,lol dark sistem tim nya lol semua,"['lol', 'dark', 'sistem', 'tim', 'nya', 'lol', 'semua']","['lol', 'dark', 'sistem', 'tim', 'nya', 'lol']","['lol', 'dark', 'sistem', 'tim', 'nya', 'lol']","['lol', 'dark', 'sistem', 'tim', 'nya', 'lol']"
Kebanyakan dark sistem. .,2,Negatif,kebanyakan dark sistem. .,kebanyakan dark sistem,"['kebanyakan', 'dark', 'sistem']","['kebanyakan', 'dark', 'sistem']","['kebanyakan', 'dark', 'sistem']","['banyak', 'dark', 'sistem']"
"game"" bisa bikin skin bisa tapi monton ga bisa ngasi tim yg adil anjing gw di kasih dark sistem mulu kont*l",2,Negatif,"game"" bisa bikin skin bisa tapi monton ga bisa ngasi tim yg adil anjing gw di kasih dark sistem mulu kont*l",game bisa bikin skin bisa tapi monton ga bisa ngasi tim yg adil anjing gw di kasih dark sistem mulu kont l,"['game', 'bisa', 'bikin', 'skin', 'bisa', 'tapi', 'monton', 'ga', 'bisa', 'ngasi', 'tim', 'yg', 'adil', 'anjing', 'gw', 'di', 'kasih', 'dark', 'sistem', 'mulu', 'kont', 'l']","['game', 'bikin', 'skin', 'monton', 'ga', 'ngasi', 'tim', 'yg', 'adil', 'anjing', 'gw', 'kasih', 'dark', 'sistem', 'mulu', 'kont', 'l']","['game', 'bikin', 'skin', 'monton', 'ga', 'ngasi', 'tim', 'yg', 'adil', 'anjing', 'gw', 'kasih', 'dark', 'sistem', 'mulu', 'kont', 'l']","['game', 'bikin', 'skin', 'monton', 'ga', 'ngasi', 'tim', 'yg', 'adil', 'anjing', 'gw', 'kasih', 'dark', 'sistem', 'mulu', 'kont', 'l']"
Game yang sangat bagus cocok untuk anak dibawah 6 tahun playernya juga ramahÂ² terutama player inisial Jawa dengan kearifan bertutur katanya yg sangat sopanâ˜ºï¸,2,Negatif,game yang sangat bagus cocok untuk anak dibawah 6 tahun playernya juga ramahâ² terutama player inisial jawa dengan kearifan bertutur katanya yg sangat sopanâ˜ºï¸,game yang sangat bagus cocok untuk anak dibawah tahun playernya juga ramahâ² terutama player inisial jawa dengan kearifan bertutur katanya yg sangat sopanâ˜ºï¸,"['game', 'yang', 'sangat', 'bagus', 'cocok', 'untuk', 'anak', 'dibawah', 'tahun', 'playernya', 'juga', 'ramahâ²', 'terutama', 'player', 'inisial', 'jawa', 'dengan', 'kearifan', 'bertutur', 'katanya', 'yg', 'sangat', 'sopanâ˜ºï¸\uf18f']","['game', 'bagus', 'cocok', 'anak', 'dibawah', 'playernya', 'ramahâ²', 'player', 'inisial', 'jawa', 'kearifan', 'yg', 'sopanâ˜ºï¸\uf18f']","['game', 'bagus', 'cocok', 'anak', 'dibawah', 'playernya', 'ramahâ²', 'player', 'inisial', 'jawa', 'kearifan', 'yg', 'sopanâ˜ºï¸\uf18f']","['game', 'bagus', 'cocok', 'anak', 'bawah', 'playernya', 'ramah', 'player', 'inisial', 'jawa', 'arif', 'yg', 'sopan']"
Bad games,2,Negatif,bad games,bad games,"['bad', 'games']","['bad', 'games']","['bad', 'games']","['bad', 'games']"
Susah,2,Negatif,susah,susah,['susah'],['susah'],['susah'],['susah']
Tolong hapus invalid di rank mytik kalo tidak pihak yang tidak menyerah tetap tambanh bintang yang nyerah tidak hilang bintang terima kasih karna sangat membuang waktu.,2,Negatif,tolong hapus invalid di rank mytik kalo tidak pihak yang tidak menyerah tetap tambanh bintang yang nyerah tidak hilang bintang terima kasih karna sangat membuang waktu.,tolong hapus invalid di rank mytik kalo tidak pihak yang tidak menyerah tetap tambanh bintang yang nyerah tidak hilang bintang terima kasih karna sangat membuang waktu,"['tolong', 'hapus', 'invalid', 'di', 'rank', 'mytik', 'kalo', 'tidak', 'pihak', 'yang', 'tidak', 'menyerah', 'tetap', 'tambanh', 'bintang', 'yang', 'nyerah', 'tidak', 'hilang', 'bintang', 'terima', 'kasih', 'karna', 'sangat', 'membuang', 'waktu']","['tolong', 'hapus', 'invalid', 'rank', 'mytik', 'kalo', 'menyerah', 'tambanh', 'bintang', 'nyerah', 'hilang', 'bintang', 'terima', 'kasih', 'karna', 'membuang']","['tolong', 'hapus', 'invalid', 'rank', 'mytik', 'kalo', 'menyerah', 'tambanh', 'bintang', 'nyerah', 'hilang', 'bintang', 'terima', 'kasih', 'karna', 'membuang']","['tolong', 'hapus', 'invalid', 'rank', 'mytik', 'kalo', 'serah', 'tambanh', 'bintang', 'nyerah', 'hilang', 'bintang', 'terima', 'kasih', 'karna', 'buang']"
Sering bgt kalah trus dikasih tim yg ga bisa main main di rank mytic di kasih tim rank epic pokoknya sesek sama sistem nya moonton,2,Negatif,sering bgt kalah trus dikasih tim yg ga bisa main main di rank mytic di kasih tim rank epic pokoknya sesek sama sistem nya moonton,sering bgt kalah trus dikasih tim yg ga bisa main main di rank mytic di kasih tim rank epic pokoknya sesek sama sistem nya moonton,"['sering', 'bgt', 'kalah', 'trus', 'dikasih', 'tim', 'yg', 'ga', 'bisa', 'main', 'main', 'di', 'rank', 'mytic', 'di', 'kasih', 'tim', 'rank', 'epic', 'pokoknya', 'sesek', 'sama', 'sistem', 'nya', 'moonton']","['bgt', 'kalah', 'trus', 'dikasih', 'tim', 'yg', 'ga', 'main', 'main', 'rank', 'mytic', 'kasih', 'tim', 'rank', 'epic', 'pokoknya', 'sesek', 'sistem', 'nya', 'moonton']","['bgt', 'kalah', 'trus', 'dikasih', 'tim', 'yg', 'ga', 'main', 'main', 'rank', 'mytic', 'kasih', 'tim', 'rank', 'epic', 'pokoknya', 'sesek', 'sistem', 'nya', 'moonton']","['bgt', 'kalah', 'trus', 'kasih', 'tim', 'yg', 'ga', 'main', 'main', 'rank', 'mytic', 'kasih', 'tim', 'rank', 'epic', 'pokok', 'sek', 'sistem', 'nya', 'moonton']"
honor of king dah mau rilis wkwkwkwk.... Banyakin event skin gratis colector kalo bisa :),2,Negatif,honor of king dah mau rilis wkwkwkwk.... banyakin event skin gratis colector kalo bisa :),honor of king dah mau rilis wkwkwkwk banyakin event skin gratis colector kalo bisa,"['honor', 'of', 'king', 'dah', 'mau', 'rilis', 'wkwkwkwk', 'banyakin', 'event', 'skin', 'gratis', 'colector', 'kalo', 'bisa']","['honor', 'of', 'king', 'dah', 'rilis', 'wkwkwkwk', 'banyakin', 'event', 'skin', 'gratis', 'colector', 'kalo']","['honor', 'of', 'king', 'dah', 'rilis', 'wkwkwkwk', 'banyakin', 'event', 'skin', 'gratis', 'colector', 'kalo']","['honor', 'of', 'king', 'dah', 'rilis', 'wkwkwkwk', 'banyakin', 'event', 'skin', 'gratis', 'colector', 'kalo']"
Mohon maaf pihak monton harap memperbaiki prihal bug yg terjadi saat dalam pertandingan sering jalan sendiri macet trs tiba-tiba setingan berubah sendiri harap di tingkat kan LG mohon kerjasamanya ðŸ™ðŸ™ðŸ™,2,Negatif,mohon maaf pihak monton harap memperbaiki prihal bug yg terjadi saat dalam pertandingan sering jalan sendiri macet trs tiba-tiba setingan berubah sendiri harap di tingkat kan lg mohon kerjasamanya ðÿ™ðÿ™ðÿ™,mohon maaf pihak monton harap memperbaiki prihal bug yg terjadi saat dalam pertandingan sering jalan sendiri macet trs tiba tiba setingan berubah sendiri harap di tingkat kan lg mohon kerjasamanya ðÿ™ðÿ™ðÿ™,"['mohon', 'maaf', 'pihak', 'monton', 'harap', 'memperbaiki', 'prihal', 'bug', 'yg', 'terjadi', 'saat', 'dalam', 'pertandingan', 'sering', 'jalan', 'sendiri', 'macet', 'trs', 'tiba', 'tiba', 'setingan', 'berubah', 'sendiri', 'harap', 'di', 'tingkat', 'kan', 'lg', 'mohon', 'kerjasamanya', 'ðÿ™\uf18fðÿ™\uf18fðÿ™\uf18f']","['mohon', 'maaf', 'monton', 'harap', 'memperbaiki', 'prihal', 'bug', 'yg', 'pertandingan', 'jalan', 'macet', 'trs', 'setingan', 'berubah', 'harap', 'tingkat', 'lg', 'mohon', 'kerjasamanya', 'ðÿ™\uf18fðÿ™\uf18fðÿ™\uf18f']","['mohon', 'maaf', 'monton', 'harap', 'memperbaiki', 'prihal', 'bug', 'yg', 'pertandingan', 'jalan', 'macet', 'trs', 'setingan', 'berubah', 'harap', 'tingkat', 'lg', 'mohon', 'kerjasamanya', 'ðÿ™\uf18fðÿ™\uf18fðÿ™\uf18f']","['mohon', 'maaf', 'monton', 'harap', 'baik', 'prihal', 'bug', 'yg', 'tanding', 'jalan', 'macet', 'trs', 'ting', 'ubah', 'harap', 'tingkat', 'lg', 'mohon', 'kerjasamanya', '']"
yg komen bgus fix mentalnya kena kecewa sama draf sistemnya.,2,Negatif,yg komen bgus fix mentalnya kena kecewa sama draf sistemnya.,yg komen bgus fix mentalnya kena kecewa sama draf sistemnya,"['yg', 'komen', 'bgus', 'fix', 'mentalnya', 'kena', 'kecewa', 'sama', 'draf', 'sistemnya']","['yg', 'komen', 'bgus', 'fix', 'mentalnya', 'kena', 'kecewa', 'draf', 'sistemnya']","['yg', 'komen', 'bgus', 'fix', 'mentalnya', 'kena', 'kecewa', 'draf', 'sistemnya']","['yg', 'komen', 'bgus', 'fix', 'mental', 'kena', 'kecewa', 'draf', 'sistem']"
Seberapa banyak lu kasih skin gratis ke kita kita pasti pindah ke Honor of King kita semua cape dapat tim jelek rata rata bocil jokian yg main bb Ga ada yang mau main game lu lagi kecuali para bocil jokian sama penjoki,2,Negatif,seberapa banyak lu kasih skin gratis ke kita kita pasti pindah ke honor of king kita semua cape dapat tim jelek rata rata bocil jokian yg main bb ga ada yang mau main game lu lagi kecuali para bocil jokian sama penjoki,seberapa banyak lu kasih skin gratis ke kita kita pasti pindah ke honor of king kita semua cape dapat tim jelek rata rata bocil jokian yg main bb ga ada yang mau main game lu lagi kecuali para bocil jokian sama penjoki,"['seberapa', 'banyak', 'lu', 'kasih', 'skin', 'gratis', 'ke', 'kita', 'kita', 'pasti', 'pindah', 'ke', 'honor', 'of', 'king', 'kita', 'semua', 'cape', 'dapat', 'tim', 'jelek', 'rata', 'rata', 'bocil', 'jokian', 'yg', 'main', 'bb', 'ga', 'ada', 'yang', 'mau', 'main', 'game', 'lu', 'lagi', 'kecuali', 'para', 'bocil', 'jokian', 'sama', 'penjoki']","['lu', 'kasih', 'skin', 'gratis', 'pindah', 'honor', 'of', 'king', 'cape', 'tim', 'jelek', 'bocil', 'jokian', 'yg', 'main', 'bb', 'ga', 'main', 'game', 'lu', 'kecuali', 'bocil', 'jokian', 'penjoki']","['lu', 'kasih', 'skin', 'gratis', 'pindah', 'honor', 'of', 'king', 'cape', 'tim', 'jelek', 'bocil', 'jokian', 'yg', 'main', 'bb', 'ga', 'main', 'game', 'lu', 'kecuali', 'bocil', 'jokian', 'penjoki']","['lu', 'kasih', 'skin', 'gratis', 'pindah', 'honor', 'of', 'king', 'cape', 'tim', 'jelek', 'bocil', 'joki', 'yg', 'main', 'bb', 'ga', 'main', 'game', 'lu', 'kecuali', 'bocil', 'joki', 'joki']"
Kalau ada player afk atau feed kashi hukuman yang lebih berat dong cape ketemu orang orang begituan,2,Negatif,kalau ada player afk atau feed kashi hukuman yang lebih berat dong cape ketemu orang orang begituan,kalau ada player afk atau feed kashi hukuman yang lebih berat dong cape ketemu orang orang begituan,"['kalau', 'ada', 'player', 'afk', 'atau', 'feed', 'kashi', 'hukuman', 'yang', 'lebih', 'berat', 'dong', 'cape', 'ketemu', 'orang', 'orang', 'begituan']","['player', 'afk', 'feed', 'kashi', 'hukuman', 'berat', 'cape', 'ketemu', 'orang', 'orang', 'begituan']","['player', 'afk', 'feed', 'kashi', 'hukuman', 'berat', 'cape', 'ketemu', 'orang', 'orang', 'begituan']","['player', 'afk', 'feed', 'kashi', 'hukum', 'berat', 'cape', 'ketemu', 'orang', 'orang', 'begitu']"
Malah nambah Stress,2,Negatif,malah nambah stress,malah nambah stress,"['malah', 'nambah', 'stress']","['nambah', 'stress']","['nambah', 'stress']","['nambah', 'stress']"
Game ny burik gk guna ngasih tim yg bot game tolol,2,Negatif,game ny burik gk guna ngasih tim yg bot game tolol,game ny burik gk guna ngasih tim yg bot game tolol,"['game', 'ny', 'burik', 'gk', 'guna', 'ngasih', 'tim', 'yg', 'bot', 'game', 'tolol']","['game', 'ny', 'burik', 'gk', 'ngasih', 'tim', 'yg', 'bot', 'game', 'tolol']","['game', 'ny', 'burik', 'gk', 'ngasih', 'tim', 'yg', 'bot', 'game', 'tolol']","['game', 'ny', 'burik', 'gk', 'ngasih', 'tim', 'yg', 'bot', 'game', 'tolol']"
Plis dong kalo mvp jangan cuman di lihat dari kill Dead and asist nya doang liat juga koin nya level nya cara bermain nya Gk adil mana saya sering gk dapet asist Padahal selalu bantuin tim buat ngekill,2,Negatif,plis dong kalo mvp jangan cuman di lihat dari kill dead and asist nya doang liat juga koin nya level nya cara bermain nya gk adil mana saya sering gk dapet asist padahal selalu bantuin tim buat ngekill,plis dong kalo mvp jangan cuman di lihat dari kill dead and asist nya doang liat juga koin nya level nya cara bermain nya gk adil mana saya sering gk dapet asist padahal selalu bantuin tim buat ngekill,"['plis', 'dong', 'kalo', 'mvp', 'jangan', 'cuman', 'di', 'lihat', 'dari', 'kill', 'dead', 'and', 'asist', 'nya', 'doang', 'liat', 'juga', 'koin', 'nya', 'level', 'nya', 'cara', 'bermain', 'nya', 'gk', 'adil', 'mana', 'saya', 'sering', 'gk', 'dapet', 'asist', 'padahal', 'selalu', 'bantuin', 'tim', 'buat', 'ngekill']","['plis', 'kalo', 'mvp', 'cuman', 'lihat', 'kill', 'dead', 'and', 'asist', 'nya', 'doang', 'liat', 'koin', 'nya', 'level', 'nya', 'bermain', 'nya', 'gk', 'adil', 'gk', 'dapet', 'asist', 'bantuin', 'tim', 'ngekill']","['plis', 'kalo', 'mvp', 'cuman', 'lihat', 'kill', 'dead', 'and', 'asist', 'nya', 'doang', 'liat', 'koin', 'nya', 'level', 'nya', 'bermain', 'nya', 'gk', 'adil', 'gk', 'dapet', 'asist', 'bantuin', 'tim', 'ngekill']","['plis', 'kalo', 'mvp', 'cuman', 'lihat', 'kill', 'dead', 'and', 'asist', 'nya', 'doang', 'liat', 'koin', 'nya', 'level', 'nya', 'main', 'nya', 'gk', 'adil', 'gk', 'dapet', 'asist', 'bantuin', 'tim', 'ngekill']"
Di tempat saya jaringannya kadang hilang jadi tolong untuk developer menambah batas pemulihan kredit skor dari 3 ke 6 karena tingkat pengurangan kredit skor sangat tinggi apalagi kalau kena report,2,Negatif,di tempat saya jaringannya kadang hilang jadi tolong untuk developer menambah batas pemulihan kredit skor dari 3 ke 6 karena tingkat pengurangan kredit skor sangat tinggi apalagi kalau kena report,di tempat saya jaringannya kadang hilang jadi tolong untuk developer menambah batas pemulihan kredit skor dari ke karena tingkat pengurangan kredit skor sangat tinggi apalagi kalau kena report,"['di', 'tempat', 'saya', 'jaringannya', 'kadang', 'hilang', 'jadi', 'tolong', 'untuk', 'developer', 'menambah', 'batas', 'pemulihan', 'kredit', 'skor', 'dari', 'ke', 'karena', 'tingkat', 'pengurangan', 'kredit', 'skor', 'sangat', 'tinggi', 'apalagi', 'kalau', 'kena', 'report']","['jaringannya', 'kadang', 'hilang', 'tolong', 'developer', 'menambah', 'batas', 'pemulihan', 'kredit', 'skor', 'tingkat', 'pengurangan', 'kredit', 'skor', 'kena', 'report']","['jaringannya', 'kadang', 'hilang', 'tolong', 'developer', 'menambah', 'batas', 'pemulihan', 'kredit', 'skor', 'tingkat', 'pengurangan', 'kredit', 'skor', 'kena', 'report']","['jaring', 'kadang', 'hilang', 'tolong', 'developer', 'tambah', 'batas', 'pulih', 'kredit', 'skor', 'tingkat', 'kurang', 'kredit', 'skor', 'kena', 'report']"
kalo ngasih tim itu yg bener dong monton masak gw maen lose 15Ã— win cuman 5Ã— gema apaan tiap maen selalu di kasih tim yg TOLOL mulu paan kanjingud,2,Negatif,kalo ngasih tim itu yg bener dong monton masak gw maen lose 15ã— win cuman 5ã— gema apaan tiap maen selalu di kasih tim yg tolol mulu paan kanjingud,kalo ngasih tim itu yg bener dong monton masak gw maen lose ã— win cuman ã— gema apaan tiap maen selalu di kasih tim yg tolol mulu paan kanjingud,"['kalo', 'ngasih', 'tim', 'itu', 'yg', 'bener', 'dong', 'monton', 'masak', 'gw', 'maen', 'lose', 'ã—', 'win', 'cuman', 'ã—', 'gema', 'apaan', 'tiap', 'maen', 'selalu', 'di', 'kasih', 'tim', 'yg', 'tolol', 'mulu', 'paan', 'kanjingud']","['kalo', 'ngasih', 'tim', 'yg', 'bener', 'monton', 'masak', 'gw', 'maen', 'lose', 'ã—', 'win', 'cuman', 'ã—', 'gema', 'maen', 'kasih', 'tim', 'yg', 'tolol', 'mulu', 'paan', 'kanjingud']","['kalo', 'ngasih', 'tim', 'yg', 'bener', 'monton', 'masak', 'gw', 'maen', 'lose', 'ã—', 'win', 'cuman', 'ã—', 'gema', 'maen', 'kasih', 'tim', 'yg', 'tolol', 'mulu', 'paan', 'kanjingud']","['kalo', 'ngasih', 'tim', 'yg', 'bener', 'monton', 'masak', 'gw', 'maen', 'lose', '', 'win', 'cuman', '', 'gema', 'maen', 'kasih', 'tim', 'yg', 'tolol', 'mulu', 'paan', 'kanjingud']"
Kurang bagus,2,Negatif,kurang bagus,kurang bagus,"['kurang', 'bagus']",['bagus'],['bagus'],['bagus']
menurut saya game ini harus di kembangkang lagi deh karna game ini suka gak jelas harus download secara tiba tiba jaringan sih paling parah lag banget padahal jaringan 70ms kebawah tapi kaya 201 ms jadi tolong perbaiki atau saya pindah game ke saja,2,Negatif,menurut saya game ini harus di kembangkang lagi deh karna game ini suka gak jelas harus download secara tiba tiba jaringan sih paling parah lag banget padahal jaringan 70ms kebawah tapi kaya 201 ms jadi tolong perbaiki atau saya pindah game ke saja,menurut saya game ini harus di kembangkang lagi deh karna game ini suka gak jelas harus download secara tiba tiba jaringan sih paling parah lag banget padahal jaringan ms kebawah tapi kaya ms jadi tolong perbaiki atau saya pindah game ke saja,"['menurut', 'saya', 'game', 'ini', 'harus', 'di', 'kembangkang', 'lagi', 'deh', 'karna', 'game', 'ini', 'suka', 'gak', 'jelas', 'harus', 'download', 'secara', 'tiba', 'tiba', 'jaringan', 'sih', 'paling', 'parah', 'lag', 'banget', 'padahal', 'jaringan', 'ms', 'kebawah', 'tapi', 'kaya', 'ms', 'jadi', 'tolong', 'perbaiki', 'atau', 'saya', 'pindah', 'game', 'ke', 'saja']","['game', 'kembangkang', 'deh', 'karna', 'game', 'suka', 'gak', 'download', 'jaringan', 'sih', 'parah', 'lag', 'banget', 'jaringan', 'ms', 'kebawah', 'kaya', 'ms', 'tolong', 'perbaiki', 'pindah', 'game']","['game', 'kembangkang', 'deh', 'karna', 'game', 'suka', 'gak', 'download', 'jaringan', 'sih', 'parah', 'lag', 'banget', 'jaringan', 'ms', 'kebawah', 'kaya', 'ms', 'tolong', 'perbaiki', 'pindah', 'game']","['game', 'kembangkang', 'deh', 'karna', 'game', 'suka', 'gak', 'download', 'jaring', 'sih', 'parah', 'lag', 'banget', 'jaring', 'ms', 'bawah', 'kaya', 'ms', 'tolong', 'baik', 'pindah', 'game']"
Sinyal bgus kok tibaÂ² jadi merah gamenya gak enak bgt sekrg,2,Negatif,sinyal bgus kok tibaâ² jadi merah gamenya gak enak bgt sekrg,sinyal bgus kok tibaâ² jadi merah gamenya gak enak bgt sekrg,"['sinyal', 'bgus', 'kok', 'tibaâ²', 'jadi', 'merah', 'gamenya', 'gak', 'enak', 'bgt', 'sekrg']","['sinyal', 'bgus', 'tibaâ²', 'merah', 'gamenya', 'gak', 'enak', 'bgt', 'sekrg']","['sinyal', 'bgus', 'tibaâ²', 'merah', 'gamenya', 'gak', 'enak', 'bgt', 'sekrg']","['sinyal', 'bgus', 'tiba', 'merah', 'gamenya', 'gak', 'enak', 'bgt', 'sekrg']"
Game apa nih pilih kasih kda gw aja 7.3.4 Di kasih coklat sedangkan temen gw mm kda 1.8.4 silver pilih kasih banget,2,Negatif,game apa nih pilih kasih kda gw aja 7.3.4 di kasih coklat sedangkan temen gw mm kda 1.8.4 silver pilih kasih banget,game apa nih pilih kasih kda gw aja di kasih coklat sedangkan temen gw mm kda silver pilih kasih banget,"['game', 'apa', 'nih', 'pilih', 'kasih', 'kda', 'gw', 'aja', 'di', 'kasih', 'coklat', 'sedangkan', 'temen', 'gw', 'mm', 'kda', 'silver', 'pilih', 'kasih', 'banget']","['game', 'nih', 'pilih', 'kasih', 'kda', 'gw', 'aja', 'kasih', 'coklat', 'temen', 'gw', 'mm', 'kda', 'silver', 'pilih', 'kasih', 'banget']","['game', 'nih', 'pilih', 'kasih', 'kda', 'gw', 'aja', 'kasih', 'coklat', 'temen', 'gw', 'mm', 'kda', 'silver', 'pilih', 'kasih', 'banget']","['game', 'nih', 'pilih', 'kasih', 'kda', 'gw', 'aja', 'kasih', 'coklat', 'temen', 'gw', 'mm', 'kda', 'silver', 'pilih', 'kasih', 'banget']"
halo min saya kasih bintang 4 untuk game ini. Game ini sudah bagus dari segi grafis apalagi yang iltra udah bagus banget. Heronya juga gak ada bug lagi yang aku temui,4,Positif,halo min saya kasih bintang 4 untuk game ini. game ini sudah bagus dari segi grafis apalagi yang iltra udah bagus banget. heronya juga gak ada bug lagi yang aku temui,halo min saya kasih bintang untuk game ini game ini sudah bagus dari segi grafis apalagi yang iltra udah bagus banget heronya juga gak ada bug lagi yang aku temui,"['halo', 'min', 'saya', 'kasih', 'bintang', 'untuk', 'game', 'ini', 'game', 'ini', 'sudah', 'bagus', 'dari', 'segi', 'grafis', 'apalagi', 'yang', 'iltra', 'udah', 'bagus', 'banget', 'heronya', 'juga', 'gak', 'ada', 'bug', 'lagi', 'yang', 'aku', 'temui']","['halo', 'min', 'kasih', 'bintang', 'game', 'game', 'bagus', 'segi', 'grafis', 'iltra', 'udah', 'bagus', 'banget', 'heronya', 'gak', 'bug', 'temui']","['halo', 'min', 'kasih', 'bintang', 'game', 'game', 'bagus', 'segi', 'grafis', 'iltra', 'udah', 'bagus', 'banget', 'heronya', 'gak', 'bug', 'temui']","['halo', 'min', 'kasih', 'bintang', 'game', 'game', 'bagus', 'segi', 'grafis', 'iltra', 'udah', 'bagus', 'banget', 'hero', 'gak', 'bug', 'temu']"
sejauh ini mobile legend bagus. Dan menurutku mlbb adalah permainan moba terbaik. Ada banyak sekali hero dengan berbagai role yang pengguna bisa kuasai,4,Positif,sejauh ini mobile legend bagus. dan menurutku mlbb adalah permainan moba terbaik. ada banyak sekali hero dengan berbagai role yang pengguna bisa kuasai,sejauh ini mobile legend bagus dan menurutku mlbb adalah permainan moba terbaik ada banyak sekali hero dengan berbagai role yang pengguna bisa kuasai,"['sejauh', 'ini', 'mobile', 'legend', 'bagus', 'dan', 'menurutku', 'mlbb', 'adalah', 'permainan', 'moba', 'terbaik', 'ada', 'banyak', 'sekali', 'hero', 'dengan', 'berbagai', 'role', 'yang', 'pengguna', 'bisa', 'kuasai']","['mobile', 'legend', 'bagus', 'menurutku', 'mlbb', 'permainan', 'moba', 'terbaik', 'hero', 'role', 'pengguna', 'kuasai']","['mobile', 'legend', 'bagus', 'menurutku', 'mlbb', 'permainan', 'moba', 'terbaik', 'hero', 'role', 'pengguna', 'kuasai']","['mobile', 'legend', 'bagus', 'turut', 'mlbb', 'main', 'moba', 'baik', 'hero', 'role', 'guna', 'kuasa']"
Aku suka banget dari sistem sudah bagus. Mobile legend moba terbaik,4,Positif,aku suka banget dari sistem sudah bagus. mobile legend moba terbaik,aku suka banget dari sistem sudah bagus mobile legend moba terbaik,"['aku', 'suka', 'banget', 'dari', 'sistem', 'sudah', 'bagus', 'mobile', 'legend', 'moba', 'terbaik']","['suka', 'banget', 'sistem', 'bagus', 'mobile', 'legend', 'moba', 'terbaik']","['suka', 'banget', 'sistem', 'bagus', 'mobile', 'legend', 'moba', 'terbaik']","['suka', 'banget', 'sistem', 'bagus', 'mobile', 'legend', 'moba', 'baik']"
game nya sangat bagus menarik dan bisa membuat kita berpikir strategi,4,Positif,game nya sangat bagus menarik dan bisa membuat kita berpikir strategi,game nya sangat bagus menarik dan bisa membuat kita berpikir strategi,"['game', 'nya', 'sangat', 'bagus', 'menarik', 'dan', 'bisa', 'membuat', 'kita', 'berpikir', 'strategi']","['game', 'nya', 'bagus', 'menarik', 'berpikir', 'strategi']","['game', 'nya', 'bagus', 'menarik', 'berpikir', 'strategi']","['game', 'nya', 'bagus', 'tarik', 'pikir', 'strategi']"
game ini adalah game favoritku dari dulu semoga game ini terus berkembang dan memperbanyak hero dan skinnya agar memiliki pengguna yang lebih banyak,4,Positif,game ini adalah game favoritku dari dulu semoga game ini terus berkembang dan memperbanyak hero dan skinnya agar memiliki pengguna yang lebih banyak,game ini adalah game favoritku dari dulu semoga game ini terus berkembang dan memperbanyak hero dan skinnya agar memiliki pengguna yang lebih banyak,"['game', 'ini', 'adalah', 'game', 'favoritku', 'dari', 'dulu', 'semoga', 'game', 'ini', 'terus', 'berkembang', 'dan', 'memperbanyak', 'hero', 'dan', 'skinnya', 'agar', 'memiliki', 'pengguna', 'yang', 'lebih', 'banyak']","['game', 'game', 'favoritku', 'semoga', 'game', 'berkembang', 'memperbanyak', 'hero', 'skinnya', 'memiliki', 'pengguna']","['game', 'game', 'favoritku', 'semoga', 'game', 'berkembang', 'memperbanyak', 'hero', 'skinnya', 'memiliki', 'pengguna']","['game', 'game', 'favorit', 'moga', 'game', 'kembang', 'banyak', 'hero', 'skinnya', 'milik', 'guna']"
terima kasih mobile legends. Sejauh ini masih jadi game terbaik meski banyak saingan game sesama moba baru,4,Positif,terima kasih mobile legends. sejauh ini masih jadi game terbaik meski banyak saingan game sesama moba baru,terima kasih mobile legends sejauh ini masih jadi game terbaik meski banyak saingan game sesama moba baru,"['terima', 'kasih', 'mobile', 'legends', 'sejauh', 'ini', 'masih', 'jadi', 'game', 'terbaik', 'meski', 'banyak', 'saingan', 'game', 'sesama', 'moba', 'baru']","['terima', 'kasih', 'mobile', 'legends', 'game', 'terbaik', 'saingan', 'game', 'moba']","['terima', 'kasih', 'mobile', 'legends', 'game', 'terbaik', 'saingan', 'game', 'moba']","['terima', 'kasih', 'mobile', 'legends', 'game', 'baik', 'saing', 'game', 'moba']"
gamenya bagus. Mudah dimainkan banyak pilihan hero untuk dipakai dan banyak skin untuk dikoleksi,4,Positif,gamenya bagus. mudah dimainkan banyak pilihan hero untuk dipakai dan banyak skin untuk dikoleksi,gamenya bagus mudah dimainkan banyak pilihan hero untuk dipakai dan banyak skin untuk dikoleksi,"['gamenya', 'bagus', 'mudah', 'dimainkan', 'banyak', 'pilihan', 'hero', 'untuk', 'dipakai', 'dan', 'banyak', 'skin', 'untuk', 'dikoleksi']","['gamenya', 'bagus', 'mudah', 'dimainkan', 'pilihan', 'hero', 'dipakai', 'skin', 'dikoleksi']","['gamenya', 'bagus', 'mudah', 'dimainkan', 'pilihan', 'hero', 'dipakai', 'skin', 'dikoleksi']","['gamenya', 'bagus', 'mudah', 'main', 'pilih', 'hero', 'pakai', 'skin', 'koleksi']"
"game nya bagus sekali grafiknya bagus banget untuk ukuran game ringan, permainan sangat asik. Sehat selalu moonton",4,Positif,"game nya bagus sekali grafiknya bagus banget untuk ukuran game ringan, permainan sangat asik. sehat selalu moonton",game nya bagus sekali grafiknya bagus banget untuk ukuran game ringan permainan sangat asik sehat selalu moonton,"['game', 'nya', 'bagus', 'sekali', 'grafiknya', 'bagus', 'banget', 'untuk', 'ukuran', 'game', 'ringan', 'permainan', 'sangat', 'asik', 'sehat', 'selalu', 'moonton']","['game', 'nya', 'bagus', 'grafiknya', 'bagus', 'banget', 'ukuran', 'game', 'ringan', 'permainan', 'asik', 'sehat', 'moonton']","['game', 'nya', 'bagus', 'grafiknya', 'bagus', 'banget', 'ukuran', 'game', 'ringan', 'permainan', 'asik', 'sehat', 'moonton']","['game', 'nya', 'bagus', 'grafik', 'bagus', 'banget', 'ukur', 'game', 'ringan', 'main', 'asik', 'sehat', 'moonton']"
game mobile legends adalah game terbaik yang saya mainkan dari awal rilis sampe sekarang,4,Positif,game mobile legends adalah game terbaik yang saya mainkan dari awal rilis sampe sekarang,game mobile legends adalah game terbaik yang saya mainkan dari awal rilis sampe sekarang,"['game', 'mobile', 'legends', 'adalah', 'game', 'terbaik', 'yang', 'saya', 'mainkan', 'dari', 'awal', 'rilis', 'sampe', 'sekarang']","['game', 'mobile', 'legends', 'game', 'terbaik', 'mainkan', 'rilis', 'sampe']","['game', 'mobile', 'legends', 'game', 'terbaik', 'mainkan', 'rilis', 'sampe']","['game', 'mobile', 'legends', 'game', 'baik', 'main', 'rilis', 'sampe']"
mlbb sangat keren bagus. Banyak skin gratis yang dapat diperoleh dari event tertentu. Heronya jg bnyak,4,Positif,mlbb sangat keren bagus. banyak skin gratis yang dapat diperoleh dari event tertentu. heronya jg bnyak,mlbb sangat keren bagus banyak skin gratis yang dapat diperoleh dari event tertentu heronya jg bnyak,"['mlbb', 'sangat', 'keren', 'bagus', 'banyak', 'skin', 'gratis', 'yang', 'dapat', 'diperoleh', 'dari', 'event', 'tertentu', 'heronya', 'jg', 'bnyak']","['mlbb', 'keren', 'bagus', 'skin', 'gratis', 'diperoleh', 'event', 'heronya', 'jg', 'bnyak']","['mlbb', 'keren', 'bagus', 'skin', 'gratis', 'diperoleh', 'event', 'heronya', 'jg', 'bnyak']","['mlbb', 'keren', 'bagus', 'skin', 'gratis', 'oleh', 'event', 'hero', 'jg', 'bnyak']"
saya seneng banget main game ini selalu saya mainkan setiap saat dengan grafik yang semakin bagus,4,Positif,saya seneng banget main game ini selalu saya mainkan setiap saat dengan grafik yang semakin bagus,saya seneng banget main game ini selalu saya mainkan setiap saat dengan grafik yang semakin bagus,"['saya', 'seneng', 'banget', 'main', 'game', 'ini', 'selalu', 'saya', 'mainkan', 'setiap', 'saat', 'dengan', 'grafik', 'yang', 'semakin', 'bagus']","['seneng', 'banget', 'main', 'game', 'mainkan', 'grafik', 'bagus']","['seneng', 'banget', 'main', 'game', 'mainkan', 'grafik', 'bagus']","['neng', 'banget', 'main', 'game', 'main', 'grafik', 'bagus']"
game nya keren palagi sekarang sedang ada event yg sangat menarik,4,Positif,game nya keren palagi sekarang sedang ada event yg sangat menarik,game nya keren palagi sekarang sedang ada event yg sangat menarik,"['game', 'nya', 'keren', 'palagi', 'sekarang', 'sedang', 'ada', 'event', 'yg', 'sangat', 'menarik']","['game', 'nya', 'keren', 'palagi', 'event', 'yg', 'menarik']","['game', 'nya', 'keren', 'palagi', 'event', 'yg', 'menarik']","['game', 'nya', 'keren', 'palagi', 'event', 'yg', 'tarik']"
setelah update keren. Jaringan stabil grafik mantap. Rekan satu tim juga udah seimbang luar biasa,4,Positif,setelah update keren. jaringan stabil grafik mantap. rekan satu tim juga udah seimbang luar biasa,setelah update keren jaringan stabil grafik mantap rekan satu tim juga udah seimbang luar biasa,"['setelah', 'update', 'keren', 'jaringan', 'stabil', 'grafik', 'mantap', 'rekan', 'satu', 'tim', 'juga', 'udah', 'seimbang', 'luar', 'biasa']","['update', 'keren', 'jaringan', 'stabil', 'grafik', 'mantap', 'rekan', 'tim', 'udah', 'seimbang']","['update', 'keren', 'jaringan', 'stabil', 'grafik', 'mantap', 'rekan', 'tim', 'udah', 'seimbang']","['update', 'keren', 'jaring', 'stabil', 'grafik', 'mantap', 'rekan', 'tim', 'udah', 'imbang']"
game bagus banget dan grafis juga keren. Yg gak download rugi banget tidak boros baterai. Saya kasih bintang 5 karena terbukti bagus dan nyaman saat dimainkan,4,Positif,game bagus banget dan grafis juga keren. yg gak download rugi banget tidak boros baterai. saya kasih bintang 5 karena terbukti bagus dan nyaman saat dimainkan,game bagus banget dan grafis juga keren yg gak download rugi banget tidak boros baterai saya kasih bintang karena terbukti bagus dan nyaman saat dimainkan,"['game', 'bagus', 'banget', 'dan', 'grafis', 'juga', 'keren', 'yg', 'gak', 'download', 'rugi', 'banget', 'tidak', 'boros', 'baterai', 'saya', 'kasih', 'bintang', 'karena', 'terbukti', 'bagus', 'dan', 'nyaman', 'saat', 'dimainkan']","['game', 'bagus', 'banget', 'grafis', 'keren', 'yg', 'gak', 'download', 'rugi', 'banget', 'boros', 'baterai', 'kasih', 'bintang', 'terbukti', 'bagus', 'nyaman', 'dimainkan']","['game', 'bagus', 'banget', 'grafis', 'keren', 'yg', 'gak', 'download', 'rugi', 'banget', 'boros', 'baterai', 'kasih', 'bintang', 'terbukti', 'bagus', 'nyaman', 'dimainkan']","['game', 'bagus', 'banget', 'grafis', 'keren', 'yg', 'gak', 'download', 'rugi', 'banget', 'boros', 'baterai', 'kasih', 'bintang', 'bukti', 'bagus', 'nyaman', 'main']"
saya sangat senang untuk bermain game ini karena dapat mengisi waktu luang saya. Game nya keren deh pokoknya semangat terus moonton,4,Positif,saya sangat senang untuk bermain game ini karena dapat mengisi waktu luang saya. game nya keren deh pokoknya semangat terus moonton,saya sangat senang untuk bermain game ini karena dapat mengisi waktu luang saya game nya keren deh pokoknya semangat terus moonton,"['saya', 'sangat', 'senang', 'untuk', 'bermain', 'game', 'ini', 'karena', 'dapat', 'mengisi', 'waktu', 'luang', 'saya', 'game', 'nya', 'keren', 'deh', 'pokoknya', 'semangat', 'terus', 'moonton']","['senang', 'bermain', 'game', 'mengisi', 'luang', 'game', 'nya', 'keren', 'deh', 'pokoknya', 'semangat', 'moonton']","['senang', 'bermain', 'game', 'mengisi', 'luang', 'game', 'nya', 'keren', 'deh', 'pokoknya', 'semangat', 'moonton']","['senang', 'main', 'game', 'isi', 'luang', 'game', 'nya', 'keren', 'deh', 'pokok', 'semangat', 'moonton']"
wah permainan ini sangatlah keren dan menyengankan. Saya sudah menang beberapa kali. Terima kasih sudah membuat game yg sangat keren ini,4,Positif,wah permainan ini sangatlah keren dan menyengankan. saya sudah menang beberapa kali. terima kasih sudah membuat game yg sangat keren ini,wah permainan ini sangatlah keren dan menyengankan saya sudah menang beberapa kali terima kasih sudah membuat game yg sangat keren ini,"['wah', 'permainan', 'ini', 'sangatlah', 'keren', 'dan', 'menyengankan', 'saya', 'sudah', 'menang', 'beberapa', 'kali', 'terima', 'kasih', 'sudah', 'membuat', 'game', 'yg', 'sangat', 'keren', 'ini']","['permainan', 'keren', 'menyengankan', 'menang', 'kali', 'terima', 'kasih', 'game', 'yg', 'keren']","['permainan', 'keren', 'menyengankan', 'menang', 'kali', 'terima', 'kasih', 'game', 'yg', 'keren']","['main', 'keren', 'menyengankan', 'menang', 'kali', 'terima', 'kasih', 'game', 'yg', 'keren']"
"masih menjadi game seru sampai saat ini, apalagi sekarang event event gratis banyak banget makin buat pemain betah memainkannya",4,Positif,"masih menjadi game seru sampai saat ini, apalagi sekarang event event gratis banyak banget makin buat pemain betah memainkannya",masih menjadi game seru sampai saat ini apalagi sekarang event event gratis banyak banget makin buat pemain betah memainkannya,"['masih', 'menjadi', 'game', 'seru', 'sampai', 'saat', 'ini', 'apalagi', 'sekarang', 'event', 'event', 'gratis', 'banyak', 'banget', 'makin', 'buat', 'pemain', 'betah', 'memainkannya']","['game', 'seru', 'event', 'event', 'gratis', 'banget', 'pemain', 'betah', 'memainkannya']","['game', 'seru', 'event', 'event', 'gratis', 'banget', 'pemain', 'betah', 'memainkannya']","['game', 'seru', 'event', 'event', 'gratis', 'banget', 'main', 'betah', 'main']"
selain melatih komunikasi. Manfaat mobile legend adalah mengajarkan lo pentingnya kerja sama tim. Dan ini sangat berguna pada kehidupan sehari hari,4,Positif,selain melatih komunikasi. manfaat mobile legend adalah mengajarkan lo pentingnya kerja sama tim. dan ini sangat berguna pada kehidupan sehari hari,selain melatih komunikasi manfaat mobile legend adalah mengajarkan lo pentingnya kerja sama tim dan ini sangat berguna pada kehidupan sehari hari,"['selain', 'melatih', 'komunikasi', 'manfaat', 'mobile', 'legend', 'adalah', 'mengajarkan', 'lo', 'pentingnya', 'kerja', 'sama', 'tim', 'dan', 'ini', 'sangat', 'berguna', 'pada', 'kehidupan', 'sehari', 'hari']","['melatih', 'komunikasi', 'manfaat', 'mobile', 'legend', 'mengajarkan', 'lo', 'kerja', 'tim', 'berguna', 'kehidupan', 'sehari']","['melatih', 'komunikasi', 'manfaat', 'mobile', 'legend', 'mengajarkan', 'lo', 'kerja', 'tim', 'berguna', 'kehidupan', 'sehari']","['latih', 'komunikasi', 'manfaat', 'mobile', 'legend', 'ajar', 'lo', 'kerja', 'tim', 'guna', 'hidup', 'hari']"
gamenya bagus dan seru. Banyak hero yg bisa dimainkian. Grafik semakin bagus dari dulu,4,Positif,gamenya bagus dan seru. banyak hero yg bisa dimainkian. grafik semakin bagus dari dulu,gamenya bagus dan seru banyak hero yg bisa dimainkian grafik semakin bagus dari dulu,"['gamenya', 'bagus', 'dan', 'seru', 'banyak', 'hero', 'yg', 'bisa', 'dimainkian', 'grafik', 'semakin', 'bagus', 'dari', 'dulu']","['gamenya', 'bagus', 'seru', 'hero', 'yg', 'dimainkian', 'grafik', 'bagus']","['gamenya', 'bagus', 'seru', 'hero', 'yg', 'dimainkian', 'grafik', 'bagus']","['gamenya', 'bagus', 'seru', 'hero', 'yg', 'dimainkian', 'grafik', 'bagus']"
sangat seru saya suka dengan game ini karena bisa bermain bersama teman. Dan juga game ini memiliki grafis yang bagus dan bisa diatur,4,Positif,sangat seru saya suka dengan game ini karena bisa bermain bersama teman. dan juga game ini memiliki grafis yang bagus dan bisa diatur,sangat seru saya suka dengan game ini karena bisa bermain bersama teman dan juga game ini memiliki grafis yang bagus dan bisa diatur,"['sangat', 'seru', 'saya', 'suka', 'dengan', 'game', 'ini', 'karena', 'bisa', 'bermain', 'bersama', 'teman', 'dan', 'juga', 'game', 'ini', 'memiliki', 'grafis', 'yang', 'bagus', 'dan', 'bisa', 'diatur']","['seru', 'suka', 'game', 'bermain', 'teman', 'game', 'memiliki', 'grafis', 'bagus', 'diatur']","['seru', 'suka', 'game', 'bermain', 'teman', 'game', 'memiliki', 'grafis', 'bagus', 'diatur']","['seru', 'suka', 'game', 'main', 'teman', 'game', 'milik', 'grafis', 'bagus', 'atur']"
game ini seru banget bisa main bersam teman dan bisa dapat teman yang banyak dari gameini dan juga bisa menghasilkan bnyak uang dari game ini,4,Positif,game ini seru banget bisa main bersam teman dan bisa dapat teman yang banyak dari gameini dan juga bisa menghasilkan bnyak uang dari game ini,game ini seru banget bisa main bersam teman dan bisa dapat teman yang banyak dari gameini dan juga bisa menghasilkan bnyak uang dari game ini,"['game', 'ini', 'seru', 'banget', 'bisa', 'main', 'bersam', 'teman', 'dan', 'bisa', 'dapat', 'teman', 'yang', 'banyak', 'dari', 'gameini', 'dan', 'juga', 'bisa', 'menghasilkan', 'bnyak', 'uang', 'dari', 'game', 'ini']","['game', 'seru', 'banget', 'main', 'bersam', 'teman', 'teman', 'gameini', 'menghasilkan', 'bnyak', 'uang', 'game']","['game', 'seru', 'banget', 'main', 'bersam', 'teman', 'teman', 'gameini', 'menghasilkan', 'bnyak', 'uang', 'game']","['game', 'seru', 'banget', 'main', 'bersam', 'teman', 'teman', 'gameini', 'hasil', 'bnyak', 'uang', 'game']"
"game ini direkomendasikan untuk dimainkan, arena banyak dan heronya banyak dan keren bagus banget",5,Positif,"game ini direkomendasikan untuk dimainkan, arena banyak dan heronya banyak dan keren bagus banget",game ini direkomendasikan untuk dimainkan arena banyak dan heronya banyak dan keren bagus banget,"['game', 'ini', 'direkomendasikan', 'untuk', 'dimainkan', 'arena', 'banyak', 'dan', 'heronya', 'banyak', 'dan', 'keren', 'bagus', 'banget']","['game', 'direkomendasikan', 'dimainkan', 'arena', 'heronya', 'keren', 'bagus', 'banget']","['game', 'direkomendasikan', 'dimainkan', 'arena', 'heronya', 'keren', 'bagus', 'banget']","['game', 'rekomendasi', 'main', 'arena', 'hero', 'keren', 'bagus', 'banget']"
game play aman buat main enjoy grafik bagus,5,Positif,game play aman buat main enjoy grafik bagus,game play aman buat main enjoy grafik bagus,"['game', 'play', 'aman', 'buat', 'main', 'enjoy', 'grafik', 'bagus']","['game', 'play', 'aman', 'main', 'enjoy', 'grafik', 'bagus']","['game', 'play', 'aman', 'main', 'enjoy', 'grafik', 'bagus']","['game', 'play', 'aman', 'main', 'enjoy', 'grafik', 'bagus']"
"gamenya sangat bagus dan keren. Saya suka sekali game ini karena mengajarkan kita untuk terus berjuang dan pantang menyerah, game mudah dipahami secara cepat",5,Positif,"gamenya sangat bagus dan keren. saya suka sekali game ini karena mengajarkan kita untuk terus berjuang dan pantang menyerah, game mudah dipahami secara cepat",gamenya sangat bagus dan keren saya suka sekali game ini karena mengajarkan kita untuk terus berjuang dan pantang menyerah game mudah dipahami secara cepat,"['gamenya', 'sangat', 'bagus', 'dan', 'keren', 'saya', 'suka', 'sekali', 'game', 'ini', 'karena', 'mengajarkan', 'kita', 'untuk', 'terus', 'berjuang', 'dan', 'pantang', 'menyerah', 'game', 'mudah', 'dipahami', 'secara', 'cepat']","['gamenya', 'bagus', 'keren', 'suka', 'game', 'mengajarkan', 'berjuang', 'pantang', 'menyerah', 'game', 'mudah', 'dipahami', 'cepat']","['gamenya', 'bagus', 'keren', 'suka', 'game', 'mengajarkan', 'berjuang', 'pantang', 'menyerah', 'game', 'mudah', 'dipahami', 'cepat']","['gamenya', 'bagus', 'keren', 'suka', 'game', 'ajar', 'juang', 'pantang', 'serah', 'game', 'mudah', 'paham', 'cepat']"
bagus. Saya suka desainnya saya suka model skin dan heronya. Penggunaannya juga gampang tidak ribe cara pemakaiannya.,5,Positif,bagus. saya suka desainnya saya suka model skin dan heronya. penggunaannya juga gampang tidak ribe cara pemakaiannya.,bagus saya suka desainnya saya suka model skin dan heronya penggunaannya juga gampang tidak ribe cara pemakaiannya,"['bagus', 'saya', 'suka', 'desainnya', 'saya', 'suka', 'model', 'skin', 'dan', 'heronya', 'penggunaannya', 'juga', 'gampang', 'tidak', 'ribe', 'cara', 'pemakaiannya']","['bagus', 'suka', 'desainnya', 'suka', 'model', 'skin', 'heronya', 'penggunaannya', 'gampang', 'ribe', 'pemakaiannya']","['bagus', 'suka', 'desainnya', 'suka', 'model', 'skin', 'heronya', 'penggunaannya', 'gampang', 'ribe', 'pemakaiannya']","['bagus', 'suka', 'desain', 'suka', 'model', 'skin', 'hero', 'guna', 'gampang', 'ribe', 'pakai']"
saya suka game ini. Terima kasih sudah membuat waktu luangku menjafi lebih baik dan menyenangkan,5,Positif,saya suka game ini. terima kasih sudah membuat waktu luangku menjafi lebih baik dan menyenangkan,saya suka game ini terima kasih sudah membuat waktu luangku menjafi lebih baik dan menyenangkan,"['saya', 'suka', 'game', 'ini', 'terima', 'kasih', 'sudah', 'membuat', 'waktu', 'luangku', 'menjafi', 'lebih', 'baik', 'dan', 'menyenangkan']","['suka', 'game', 'terima', 'kasih', 'luangku', 'menjafi', 'menyenangkan']","['suka', 'game', 'terima', 'kasih', 'luangku', 'menjafi', 'menyenangkan']","['suka', 'game', 'terima', 'kasih', 'luang', 'menjafi', 'senang']"
Gem nya sangat bagus,5,Positif,gem nya sangat bagus,gem nya sangat bagus,"['gem', 'nya', 'sangat', 'bagus']","['gem', 'nya', 'bagus']","['gem', 'nya', 'bagus']","['gem', 'nya', 'bagus']"
Karena bagus dan cantik banget karakter nya,5,Positif,karena bagus dan cantik banget karakter nya,karena bagus dan cantik banget karakter nya,"['karena', 'bagus', 'dan', 'cantik', 'banget', 'karakter', 'nya']","['bagus', 'cantik', 'banget', 'karakter', 'nya']","['bagus', 'cantik', 'banget', 'karakter', 'nya']","['bagus', 'cantik', 'banget', 'karakter', 'nya']"
Game nya bagus banget dari segi gamplay grafik mekanik recomende sihðŸ‘ðŸ‘ðŸ‘,5,Positif,game nya bagus banget dari segi gamplay grafik mekanik recomende sihðÿ‘ðÿ‘ðÿ‘,game nya bagus banget dari segi gamplay grafik mekanik recomende sihðÿ‘ðÿ‘ðÿ‘,"['game', 'nya', 'bagus', 'banget', 'dari', 'segi', 'gamplay', 'grafik', 'mekanik', 'recomende', 'sihðÿ', '‘', '\uf18dðÿ', '‘', '\uf18dðÿ', '‘', '\uf18d']","['game', 'nya', 'bagus', 'banget', 'segi', 'gamplay', 'grafik', 'mekanik', 'recomende', 'sihðÿ', '‘', '\uf18dðÿ', '‘', '\uf18dðÿ', '‘', '\uf18d']","['game', 'nya', 'bagus', 'banget', 'segi', 'gamplay', 'grafik', 'mekanik', 'recomende', 'sihðÿ', '‘', '\uf18dðÿ', '‘', '\uf18dðÿ', '‘', '\uf18d']","['game', 'nya', 'bagus', 'banget', 'segi', 'gamplay', 'grafik', 'mekanik', 'recomende', 'sih', '', '', '', '', '', '']"
gamenya jujur seru banget. Sampe ketagihan sih mainnya. Karena dari segi grafik bagus nyaman semagat terus pak moonton,5,Positif,gamenya jujur seru banget. sampe ketagihan sih mainnya. karena dari segi grafik bagus nyaman semagat terus pak moonton,gamenya jujur seru banget sampe ketagihan sih mainnya karena dari segi grafik bagus nyaman semagat terus pak moonton,"['gamenya', 'jujur', 'seru', 'banget', 'sampe', 'ketagihan', 'sih', 'mainnya', 'karena', 'dari', 'segi', 'grafik', 'bagus', 'nyaman', 'semagat', 'terus', 'pak', 'moonton']","['gamenya', 'jujur', 'seru', 'banget', 'sampe', 'ketagihan', 'sih', 'mainnya', 'segi', 'grafik', 'bagus', 'nyaman', 'semagat', 'moonton']","['gamenya', 'jujur', 'seru', 'banget', 'sampe', 'ketagihan', 'sih', 'mainnya', 'segi', 'grafik', 'bagus', 'nyaman', 'semagat', 'moonton']","['gamenya', 'jujur', 'seru', 'banget', 'sampe', 'tagih', 'sih', 'main', 'segi', 'grafik', 'bagus', 'nyaman', 'semagat', 'moonton']"
game yang sangat bagus untuk melatih kewarasan,5,Positif,game yang sangat bagus untuk melatih kewarasan,game yang sangat bagus untuk melatih kewarasan,"['game', 'yang', 'sangat', 'bagus', 'untuk', 'melatih', 'kewarasan']","['game', 'bagus', 'melatih', 'kewarasan']","['game', 'bagus', 'melatih', 'kewarasan']","['game', 'bagus', 'latih', 'waras']"
"permainannya bagus saya suka, bisa dimainnkan walaupun data mati",5,Positif,"permainannya bagus saya suka, bisa dimainnkan walaupun data mati",permainannya bagus saya suka bisa dimainnkan walaupun data mati,"['permainannya', 'bagus', 'saya', 'suka', 'bisa', 'dimainnkan', 'walaupun', 'data', 'mati']","['permainannya', 'bagus', 'suka', 'dimainnkan', 'data', 'mati']","['permainannya', 'bagus', 'suka', 'dimainnkan', 'data', 'mati']","['main', 'bagus', 'suka', 'dimainnkan', 'data', 'mati']"
permainanya sangat bagus eventnya juga menarik ditambah lagi grafiknya bagus banget kalian gak bakal nyesel downloadnya,5,Positif,permainanya sangat bagus eventnya juga menarik ditambah lagi grafiknya bagus banget kalian gak bakal nyesel downloadnya,permainanya sangat bagus eventnya juga menarik ditambah lagi grafiknya bagus banget kalian gak bakal nyesel downloadnya,"['permainanya', 'sangat', 'bagus', 'eventnya', 'juga', 'menarik', 'ditambah', 'lagi', 'grafiknya', 'bagus', 'banget', 'kalian', 'gak', 'bakal', 'nyesel', 'downloadnya']","['permainanya', 'bagus', 'eventnya', 'menarik', 'ditambah', 'grafiknya', 'bagus', 'banget', 'gak', 'nyesel', 'downloadnya']","['permainanya', 'bagus', 'eventnya', 'menarik', 'ditambah', 'grafiknya', 'bagus', 'banget', 'gak', 'nyesel', 'downloadnya']","['permainanya', 'bagus', 'eventnya', 'tarik', 'tambah', 'grafik', 'bagus', 'banget', 'gak', 'nyesel', 'downloadnya']"
Game nya seruðŸ˜ŠðŸ˜ŠðŸ˜ŠðŸ˜Šâ¤â¤â¤ðŸ˜ŽðŸ˜ŽðŸ˜ðŸ¤©,5,Positif,game nya seruðÿ˜šðÿ˜šðÿ˜šðÿ˜šâ¤â¤â¤ðÿ˜žðÿ˜žðÿ˜ðÿ¤©,game nya seruðÿ˜šðÿ˜šðÿ˜šðÿ˜šâ¤â¤â¤ðÿ˜žðÿ˜žðÿ˜ðÿ¤©,"['game', 'nya', 'seruðÿ˜šðÿ˜šðÿ˜šðÿ˜šâ\uf19d¤â\uf19d¤â\uf19d¤ðÿ˜žðÿ˜žðÿ˜\uf18dðÿ¤©']","['game', 'nya', 'seruðÿ˜šðÿ˜šðÿ˜šðÿ˜šâ\uf19d¤â\uf19d¤â\uf19d¤ðÿ˜žðÿ˜žðÿ˜\uf18dðÿ¤©']","['game', 'nya', 'seruðÿ˜šðÿ˜šðÿ˜šðÿ˜šâ\uf19d¤â\uf19d¤â\uf19d¤ðÿ˜žðÿ˜žðÿ˜\uf18dðÿ¤©']","['game', 'nya', 'seru']"
bagus sekali,5,Positif,bagus sekali,bagus sekali,"['bagus', 'sekali']",['bagus'],['bagus'],['bagus']
Bagus kok game ya,5,Positif,bagus kok game ya,bagus kok game ya,"['bagus', 'kok', 'game', 'ya']","['bagus', 'game', 'ya']","['bagus', 'game', 'ya']","['bagus', 'game', 'ya']"
game moba yang menurut saya paling keren dan kece. Even yang selalu update dan ganti setiap bulan jadi bikin pengguna tidak bosan,5,Positif,game moba yang menurut saya paling keren dan kece. even yang selalu update dan ganti setiap bulan jadi bikin pengguna tidak bosan,game moba yang menurut saya paling keren dan kece even yang selalu update dan ganti setiap bulan jadi bikin pengguna tidak bosan,"['game', 'moba', 'yang', 'menurut', 'saya', 'paling', 'keren', 'dan', 'kece', 'even', 'yang', 'selalu', 'update', 'dan', 'ganti', 'setiap', 'bulan', 'jadi', 'bikin', 'pengguna', 'tidak', 'bosan']","['game', 'moba', 'keren', 'kece', 'even', 'update', 'ganti', 'bikin', 'pengguna', 'bosan']","['game', 'moba', 'keren', 'kece', 'even', 'update', 'ganti', 'bikin', 'pengguna', 'bosan']","['game', 'moba', 'keren', 'kece', 'even', 'update', 'ganti', 'bikin', 'guna', 'bosan']"
Aku suka game ini,5,Positif,aku suka game ini,aku suka game ini,"['aku', 'suka', 'game', 'ini']","['suka', 'game']","['suka', 'game']","['suka', 'game']"
grafiknya cantik dan jernih. Gamennya tidak terlalu menguras baterai dan bagus,5,Positif,grafiknya cantik dan jernih. gamennya tidak terlalu menguras baterai dan bagus,grafiknya cantik dan jernih gamennya tidak terlalu menguras baterai dan bagus,"['grafiknya', 'cantik', 'dan', 'jernih', 'gamennya', 'tidak', 'terlalu', 'menguras', 'baterai', 'dan', 'bagus']","['grafiknya', 'cantik', 'jernih', 'gamennya', 'menguras', 'baterai', 'bagus']","['grafiknya', 'cantik', 'jernih', 'gamennya', 'menguras', 'baterai', 'bagus']","['grafik', 'cantik', 'jernih', 'gamennya', 'uras', 'baterai', 'bagus']"
pengalaman saya yang paling menabjubkan setelah update grafik makin bagus jaringan pun bgus. Even sangat berkesan pada saya terima kasih,5,Positif,pengalaman saya yang paling menabjubkan setelah update grafik makin bagus jaringan pun bgus. even sangat berkesan pada saya terima kasih,pengalaman saya yang paling menabjubkan setelah update grafik makin bagus jaringan pun bgus even sangat berkesan pada saya terima kasih,"['pengalaman', 'saya', 'yang', 'paling', 'menabjubkan', 'setelah', 'update', 'grafik', 'makin', 'bagus', 'jaringan', 'pun', 'bgus', 'even', 'sangat', 'berkesan', 'pada', 'saya', 'terima', 'kasih']","['pengalaman', 'menabjubkan', 'update', 'grafik', 'bagus', 'jaringan', 'bgus', 'even', 'berkesan', 'terima', 'kasih']","['pengalaman', 'menabjubkan', 'update', 'grafik', 'bagus', 'jaringan', 'bgus', 'even', 'berkesan', 'terima', 'kasih']","['alam', 'menabjubkan', 'update', 'grafik', 'bagus', 'jaring', 'bgus', 'even', 'kesan', 'terima', 'kasih']"
ini game nya seru banget,5,Positif,ini game nya seru banget,ini game nya seru banget,"['ini', 'game', 'nya', 'seru', 'banget']","['game', 'nya', 'seru', 'banget']","['game', 'nya', 'seru', 'banget']","['game', 'nya', 'seru', 'banget']"
Wow game ini sangat seru yah,5,Positif,wow game ini sangat seru yah,wow game ini sangat seru yah,"['wow', 'game', 'ini', 'sangat', 'seru', 'yah']","['wow', 'game', 'seru', 'yah']","['wow', 'game', 'seru', 'yah']","['wow', 'game', 'seru', 'yah']"
gamenya sudah membuat banyak kenangan yang sangat menyenangkan bersama teman. Dari segi gafik keren hero banyak,5,Positif,gamenya sudah membuat banyak kenangan yang sangat menyenangkan bersama teman. dari segi gafik keren hero banyak,gamenya sudah membuat banyak kenangan yang sangat menyenangkan bersama teman dari segi gafik keren hero banyak,"['gamenya', 'sudah', 'membuat', 'banyak', 'kenangan', 'yang', 'sangat', 'menyenangkan', 'bersama', 'teman', 'dari', 'segi', 'gafik', 'keren', 'hero', 'banyak']","['gamenya', 'kenangan', 'menyenangkan', 'teman', 'segi', 'gafik', 'keren', 'hero']","['gamenya', 'kenangan', 'menyenangkan', 'teman', 'segi', 'gafik', 'keren', 'hero']","['gamenya', 'kenang', 'senang', 'teman', 'segi', 'gafik', 'keren', 'hero']"
sangat menghibur dan sangat seru oertahankan kualitas game seperti ini sangat bergembira saat bermain game game dan skill para hero,5,Positif,sangat menghibur dan sangat seru oertahankan kualitas game seperti ini sangat bergembira saat bermain game game dan skill para hero,sangat menghibur dan sangat seru oertahankan kualitas game seperti ini sangat bergembira saat bermain game game dan skill para hero,"['sangat', 'menghibur', 'dan', 'sangat', 'seru', 'oertahankan', 'kualitas', 'game', 'seperti', 'ini', 'sangat', 'bergembira', 'saat', 'bermain', 'game', 'game', 'dan', 'skill', 'para', 'hero']","['menghibur', 'seru', 'oertahankan', 'kualitas', 'game', 'bergembira', 'bermain', 'game', 'game', 'skill', 'hero']","['menghibur', 'seru', 'oertahankan', 'kualitas', 'game', 'bergembira', 'bermain', 'game', 'game', 'skill', 'hero']","['hibur', 'seru', 'oertahankan', 'kualitas', 'game', 'gembira', 'main', 'game', 'game', 'skill', 'hero']"
Keren.,5,Positif,keren.,keren,['keren'],['keren'],['keren'],['keren']
keseluruhan sangat bagus. Bisa untuk berpikit strategis dan tidak egois. Visualnya pun sangat bagus,5,Positif,keseluruhan sangat bagus. bisa untuk berpikit strategis dan tidak egois. visualnya pun sangat bagus,keseluruhan sangat bagus bisa untuk berpikit strategis dan tidak egois visualnya pun sangat bagus,"['keseluruhan', 'sangat', 'bagus', 'bisa', 'untuk', 'berpikit', 'strategis', 'dan', 'tidak', 'egois', 'visualnya', 'pun', 'sangat', 'bagus']","['bagus', 'berpikit', 'strategis', 'egois', 'visualnya', 'bagus']","['bagus', 'berpikit', 'strategis', 'egois', 'visualnya', 'bagus']","['bagus', 'berpikit', 'strategis', 'egois', 'visual', 'bagus']"
WAW GAMENYA SERU BANGET MAIN AMA TEMEN 5 HARI KALAH TERUS.GAME YANG SANGAT SERU AKU INGIN menang LAGI KARENA SANGAT SERU,5,Positif,waw gamenya seru banget main ama temen 5 hari kalah terus.game yang sangat seru aku ingin menang lagi karena sangat seru,waw gamenya seru banget main ama temen hari kalah terus game yang sangat seru aku ingin menang lagi karena sangat seru,"['waw', 'gamenya', 'seru', 'banget', 'main', 'ama', 'temen', 'hari', 'kalah', 'terus', 'game', 'yang', 'sangat', 'seru', 'aku', 'ingin', 'menang', 'lagi', 'karena', 'sangat', 'seru']","['waw', 'gamenya', 'seru', 'banget', 'main', 'ama', 'temen', 'kalah', 'game', 'seru', 'menang', 'seru']","['waw', 'gamenya', 'seru', 'banget', 'main', 'ama', 'temen', 'kalah', 'game', 'seru', 'menang', 'seru']","['waw', 'gamenya', 'seru', 'banget', 'main', 'ama', 'temen', 'kalah', 'game', 'seru', 'menang', 'seru']"
Seru banget dan ketagihan mabar mulu deh,5,Positif,seru banget dan ketagihan mabar mulu deh,seru banget dan ketagihan mabar mulu deh,"['seru', 'banget', 'dan', 'ketagihan', 'mabar', 'mulu', 'deh']","['seru', 'banget', 'ketagihan', 'mabar', 'mulu', 'deh']","['seru', 'banget', 'ketagihan', 'mabar', 'mulu', 'deh']","['seru', 'banget', 'tagih', 'mabar', 'mulu', 'deh']"
Game nya bagus sekali sangat bermanfaat untuk melatih kesabaran,5,Positif,game nya bagus sekali sangat bermanfaat untuk melatih kesabaran,game nya bagus sekali sangat bermanfaat untuk melatih kesabaran,"['game', 'nya', 'bagus', 'sekali', 'sangat', 'bermanfaat', 'untuk', 'melatih', 'kesabaran']","['game', 'nya', 'bagus', 'bermanfaat', 'melatih', 'kesabaran']","['game', 'nya', 'bagus', 'bermanfaat', 'melatih', 'kesabaran']","['game', 'nya', 'bagus', 'manfaat', 'latih', 'sabar']"
sangat ku suka,5,Positif,sangat ku suka,sangat ku suka,"['sangat', 'ku', 'suka']","['ku', 'suka']","['ku', 'suka']","['ku', 'suka']"
